p_ji,acc
0.3,0.4265454925034787
0.31,0.6341596638655461
0.32,0.5867172752111276
0.32999999999999996,0.6632967032967033
0.33999999999999997,0.862987012987013
0.35,0.7943650793650794
0.36,0.8290476190476189
0.37,0.8302597402597403
0.38,0.9214285714285715
0.39,0.9273809523809524
0.4,0.9714285714285715
0.41,0.9857142857142858
0.42,0.9666666666666666
0.43,0.9523809523809523
0.44,0.975
0.44999999999999996,1.0
0.45999999999999996,1.0
0.47,1.0
0.48,1.0
0.49,1.0
0.5,1.0
