p_j_cond_i,ratio,i,aa_i,j,aa_j,p_i,p_j,p_ij,c_i,c_j,c_ij
0.42857142857142855,20.40816326530612,4,F,5,G,0.049,0.021,0.021,49,21,21
0.4318181818181818,22.72727272727273,2,D,3,E,0.044,0.019,0.019,44,19,19
0.6607142857142857,17.857142857142854,0,A,1,C,0.056,0.037,0.037,56,37,37
1.0,17.857142857142854,1,C,0,A,0.037,0.056,0.037,37,56,37
1.0,20.40816326530612,5,G,4,F,0.021,0.049,0.021,21,49,21
1.0,22.72727272727273,3,E,2,D,0.019,0.044,0.019,19,44,19
